{
  "format_version": 2,
  "items": {
    "minecraft:music_disc_11": [
      {
        "name": "music_disc_soleilbleubleusoleilxluziaone",
        "custom_model_data": 1,
        "display_name": "Music Disc"
      },
      {
        "name": "music_disc_parisiennegimslamanoonenineone",
        "custom_model_data": 2,
        "display_name": "Music Disc"
      },
      {
        "name": "music_disc_paradisedjsnakeetbipolarsunshineone",
        "custom_model_data": 3,
        "display_name": "Music Disc"
      },
      {
        "name": "music_disc_melodramadisizettheodoraone",
        "custom_model_data": 4,
        "display_name": "Music Disc"
      },
      {
        "name": "music_disc_sweetbutpsychoavamaxone",
        "custom_model_data": 5,
        "display_name": "Music Disc"
      },
      {
        "name": "music_disc_ijustmightbrunomarsone",
        "custom_model_data": 6,
        "display_name": "Music Disc"
      },
      {
        "name": "music_disc_azizamedsheeranone",
        "custom_model_data": 7,
        "display_name": "Music Disc"
      },
      {
        "name": "music_disc_aroundtheworlddaftpunkone",
        "custom_model_data": 8,
        "display_name": "Music Disc"
      }
    ]
  }
}