{
  "resource_pack_name": "JEXT Custom Discs",
  "texture_name": "atlas.items",
  "texture_data": {
    "music_disc_soleilbleubleusoleilxluziaone": {
      "textures": [
        "textures/items/music_disc_soleilbleubleusoleilxluziaone"
      ]
    },
    "fragment_soleilbleubleusoleilxluziaone": {
      "textures": [
        "textures/items/fragment_soleilbleubleusoleilxluziaone"
      ]
    },
    "music_disc_parisiennegimslamanoonenineone": {
      "textures": [
        "textures/items/music_disc_parisiennegimslamanoonenineone"
      ]
    },
    "fragment_parisiennegimslamanoonenineone": {
      "textures": [
        "textures/items/fragment_parisiennegimslamanoonenineone"
      ]
    },
    "music_disc_paradisedjsnakeetbipolarsunshineone": {
      "textures": [
        "textures/items/music_disc_paradisedjsnakeetbipolarsunshineone"
      ]
    },
    "fragment_paradisedjsnakeetbipolarsunshineone": {
      "textures": [
        "textures/items/fragment_paradisedjsnakeetbipolarsunshineone"
      ]
    },
    "music_disc_melodramadisizettheodoraone": {
      "textures": [
        "textures/items/music_disc_melodramadisizettheodoraone"
      ]
    },
    "fragment_melodramadisizettheodoraone": {
      "textures": [
        "textures/items/fragment_melodramadisizettheodoraone"
      ]
    },
    "music_disc_sweetbutpsychoavamaxone": {
      "textures": [
        "textures/items/music_disc_sweetbutpsychoavamaxone"
      ]
    },
    "fragment_sweetbutpsychoavamaxone": {
      "textures": [
        "textures/items/fragment_sweetbutpsychoavamaxone"
      ]
    },
    "music_disc_ijustmightbrunomarsone": {
      "textures": [
        "textures/items/music_disc_ijustmightbrunomarsone"
      ]
    },
    "fragment_ijustmightbrunomarsone": {
      "textures": [
        "textures/items/fragment_ijustmightbrunomarsone"
      ]
    },
    "music_disc_azizamedsheeranone": {
      "textures": [
        "textures/items/music_disc_azizamedsheeranone"
      ]
    },
    "fragment_azizamedsheeranone": {
      "textures": [
        "textures/items/fragment_azizamedsheeranone"
      ]
    },
    "music_disc_aroundtheworlddaftpunkone": {
      "textures": [
        "textures/items/music_disc_aroundtheworlddaftpunkone"
      ]
    },
    "fragment_aroundtheworlddaftpunkone": {
      "textures": [
        "textures/items/fragment_aroundtheworlddaftpunkone"
      ]
    }
  }
}