{
  "format_version": "1.14.0",
  "sound_definitions": {
    "soleilbleubleusoleilxluziaone": {
      "__use_legacy_max_distance": true,
      "category": "record",
      "max_distance": 64,
      "sounds": [
        {
          "name": "sounds/jext/soleilbleubleusoleilxluziaone",
          "load_on_low_memory": true,
          "stream": true,
          "volume": 0.5
        }
      ]
    },
    "parisiennegimslamanoonenineone": {
      "__use_legacy_max_distance": true,
      "category": "record",
      "max_distance": 64,
      "sounds": [
        {
          "name": "sounds/jext/parisiennegimslamanoonenineone",
          "load_on_low_memory": true,
          "stream": true,
          "volume": 0.5
        }
      ]
    },
    "paradisedjsnakeetbipolarsunshineone": {
      "__use_legacy_max_distance": true,
      "category": "record",
      "max_distance": 64,
      "sounds": [
        {
          "name": "sounds/jext/paradisedjsnakeetbipolarsunshineone",
          "load_on_low_memory": true,
          "stream": true,
          "volume": 0.5
        }
      ]
    },
    "melodramadisizettheodoraone": {
      "__use_legacy_max_distance": true,
      "category": "record",
      "max_distance": 64,
      "sounds": [
        {
          "name": "sounds/jext/melodramadisizettheodoraone",
          "load_on_low_memory": true,
          "stream": true,
          "volume": 0.5
        }
      ]
    },
    "sweetbutpsychoavamaxone": {
      "__use_legacy_max_distance": true,
      "category": "record",
      "max_distance": 64,
      "sounds": [
        {
          "name": "sounds/jext/sweetbutpsychoavamaxone",
          "load_on_low_memory": true,
          "stream": true,
          "volume": 0.5
        }
      ]
    },
    "ijustmightbrunomarsone": {
      "__use_legacy_max_distance": true,
      "category": "record",
      "max_distance": 64,
      "sounds": [
        {
          "name": "sounds/jext/ijustmightbrunomarsone",
          "load_on_low_memory": true,
          "stream": true,
          "volume": 0.5
        }
      ]
    },
    "azizamedsheeranone": {
      "__use_legacy_max_distance": true,
      "category": "record",
      "max_distance": 64,
      "sounds": [
        {
          "name": "sounds/jext/azizamedsheeranone",
          "load_on_low_memory": true,
          "stream": true,
          "volume": 0.5
        }
      ]
    },
    "aroundtheworlddaftpunkone": {
      "__use_legacy_max_distance": true,
      "category": "record",
      "max_distance": 64,
      "sounds": [
        {
          "name": "sounds/jext/aroundtheworlddaftpunkone",
          "load_on_low_memory": true,
          "stream": true,
          "volume": 0.5
        }
      ]
    }
  }
}